{"cameraMode":{"drawMode":0,"name":"Shaded","section":"Shading Mode"},"sceneLighting":true,"audioPlay":false,"sceneViewState":{"m_AlwaysRefresh":false,"showFog":true,"showSkybox":false,"showFlares":true,"showImageEffects":true,"showParticleSystems":true,"showVisualEffectGraphs":true,"m_FxEnabled":true},"in2DMode":false,"pivot":{"x":51.947601318359378,"y":-27.093246459960939,"z":20.570009231567384},"rotation":{"x":-0.09672831743955612,"y":0.6057075262069702,"z":-0.07450274378061295,"w":-0.7862842082977295},"size":108.75936126708985,"orthographic":false}