{"cameraMode":{"drawMode":0,"name":"Shaded","section":"Shading Mode"},"sceneLighting":true,"audioPlay":false,"sceneViewState":{"m_AlwaysRefresh":false,"showFog":true,"showSkybox":false,"showFlares":true,"showImageEffects":true,"showParticleSystems":true,"showVisualEffectGraphs":true,"m_FxEnabled":true},"in2DMode":false,"pivot":{"x":-1.1435656547546387,"y":-0.3128243684768677,"z":1.9249262809753419},"rotation":{"x":0.0811740905046463,"y":0.8081911206245422,"z":-0.11472662538290024,"w":0.5719825625419617},"size":123.96742248535156,"orthographic":false}