{"cameraMode":{"drawMode":0,"name":"Shaded","section":"Shading Mode"},"sceneLighting":true,"audioPlay":false,"sceneViewState":{"m_AlwaysRefresh":false,"showFog":true,"showSkybox":false,"showFlares":true,"showImageEffects":true,"showParticleSystems":true,"showVisualEffectGraphs":true,"m_FxEnabled":true},"in2DMode":false,"pivot":{"x":10.016716003417969,"y":207.28524780273438,"z":-9.36004638671875},"rotation":{"x":-0.008337011560797692,"y":-0.9865162968635559,"z":0.15485943853855134,"w":-0.05366599187254906},"size":87.79581451416016,"orthographic":false}