{"cameraMode":{"drawMode":0,"name":"Shaded","section":"Shading Mode"},"sceneLighting":true,"audioPlay":false,"sceneViewState":{"m_AlwaysRefresh":false,"showFog":true,"showSkybox":false,"showFlares":true,"showImageEffects":true,"showParticleSystems":true,"showVisualEffectGraphs":true,"m_FxEnabled":true},"in2DMode":false,"pivot":{"x":97.79460906982422,"y":-62.765098571777347,"z":364.78863525390627},"rotation":{"x":0.1103319525718689,"y":0.08873061090707779,"z":-0.009909817017614842,"w":0.9899080991744995},"size":259.66485595703127,"orthographic":false}