{"count":1,"self":182.0961792,"total":184.27382649999998,"children":{"InitializeActuators":{"count":260,"self":0.0029655,"total":0.0029655,"children":null},"InitializeSensors":{"count":260,"self":0.009937699999999999,"total":0.009937699999999999,"children":null},"AgentSendState":{"count":8529,"self":0.0745559,"total":0.19312479999999999,"children":{"CollectObservations":{"count":11244,"self":0.083630299999999991,"total":0.083630299999999991,"children":null},"WriteActionMask":{"count":11244,"self":0.0099691,"total":0.0099691,"children":null},"RequestDecision":{"count":11244,"self":0.0249695,"total":0.0249695,"children":null}}},"DecideAction":{"count":8529,"self":1.6622344999999998,"total":1.6622344999999998,"children":null},"AgentAct":{"count":8529,"self":0.30839059999999996,"total":0.30839059999999996,"children":null}},"gauges":{},"metadata":{"timer_format_version":"0.1.0","start_time_seconds":"1622644372","unity_version":"2020.3.7f1","command_line_arguments":"C:\\Program Files\\Unity\\Hub\\Editor\\2020.3.7f1\\Editor\\Unity.exe -projectpath C:\/Users\/robel\/Documents\/Unity\/Gasha -useHub -hubIPC -cloudEnvironment production -hubSessionId a61f2d40-bef8-11eb-ba09-c139d29c935b -accessToken 1dg1n-oqRQiem4TEVjCLnimVr9iuCCkexSIrn6hIIhk00af","communication_protocol_version":"1.5.0","com.unity.ml-agents_version":"2.0.0-exp.1","scene_name":"Game_1.0","end_time_seconds":"1622644556"}}