{"count":1,"self":1822.4132095999998,"total":15728.1384585,"children":{"InitializeActuators":{"count":8,"self":0.0019943,"total":0.0019943,"children":null},"InitializeSensors":{"count":8,"self":0.0010017,"total":0.0010017,"children":null},"AgentSendState":{"count":3130001,"self":20.113944,"total":130.4642737,"children":{"CollectObservations":{"count":5008008,"self":25.966616,"total":25.966616199999997,"children":null},"WriteActionMask":{"count":5008008,"self":2.795708,"total":2.7957080999999997,"children":null},"RequestDecision":{"count":5008008,"self":11.5062584,"total":81.588005299999992,"children":{"AgentInfo.ToProto":{"count":5008008,"self":12.407532,"total":70.081746799999991,"children":{"GenerateSensorData":{"count":5008008,"self":57.6742144,"total":57.674214799999994,"children":null}}}}}}},"DecideAction":{"count":3130001,"self":13687.9087616,"total":13687.908940399999,"children":null},"AgentAct":{"count":3130001,"self":87.2702656,"total":87.348105699999991,"children":{"AgentInfo.ToProto":{"count":5008,"self":0.0139904,"total":0.077837,"children":{"GenerateSensorData":{"count":5008,"self":0.0638466,"total":0.0638466,"children":null}}}}}},"gauges":{"seeker.CumulativeReward":{"count":5008,"max":6547.80127,"min":-133.110291,"runningAverage":4940.17139,"value":5612.78955,"weightedAverage":5898.44}},"metadata":{"timer_format_version":"0.1.0","start_time_seconds":"1622453820","unity_version":"2020.3.7f1","command_line_arguments":"C:\\Program Files\\Unity\\Hub\\Editor\\2020.3.7f1\\Editor\\Unity.exe -projectpath C:\/Users\/robel\/Documents\/Unity\/Gasha -useHub -hubIPC -cloudEnvironment production -hubSessionId a61f2d40-bef8-11eb-ba09-c139d29c935b -accessToken 1dg1n-oqRQiem4TEVjCLnimVr9iuCCkexSIrn6hIIhk00af","communication_protocol_version":"1.5.0","com.unity.ml-agents_version":"2.0.0-exp.1","scene_name":"Training_2.0","end_time_seconds":"1622469548"}}