{"count":1,"self":7626.2539264,"total":54807.084217999996,"children":{"InitializeActuators":{"count":8,"self":0.0019947,"total":0.0019947,"children":null},"InitializeSensors":{"count":8,"self":0.0009964,"total":0.0009964,"children":null},"AgentSendState":{"count":6255001,"self":43.089648,"total":276.9876377,"children":{"CollectObservations":{"count":10008008,"self":52.9198592,"total":52.919859699999996,"children":null},"WriteActionMask":{"count":10008008,"self":4.9914952,"total":4.9914952999999995,"children":null},"RequestDecision":{"count":10008008,"self":24.526488,"total":175.9866343,"children":{"AgentInfo.ToProto":{"count":10008008,"self":27.7423456,"total":151.4601458,"children":{"GenerateSensorData":{"count":10008008,"self":123.71779839999999,"total":123.7177995,"children":null}}}}}}},"DecideAction":{"count":6255001,"self":46735.536947199995,"total":46735.5366583,"children":null},"AgentAct":{"count":6255001,"self":168.1227648,"total":168.30168949999998,"children":{"AgentInfo.ToProto":{"count":10008,"self":0.0329383,"total":0.1789216,"children":{"GenerateSensorData":{"count":10008,"self":0.14598329999999998,"total":0.14598329999999998,"children":null}}}}}},"gauges":{"seeker.CumulativeReward":{"count":10008,"max":8862.834,"min":-384.1634,"runningAverage":6124.32568,"value":7409.736,"weightedAverage":7995.25049}},"metadata":{"timer_format_version":"0.1.0","start_time_seconds":"1622589438","unity_version":"2020.3.7f1","command_line_arguments":"C:\\Program Files\\Unity\\Hub\\Editor\\2020.3.7f1\\Editor\\Unity.exe -projectpath C:\/Users\/robel\/Documents\/Unity\/Gasha -useHub -hubIPC -cloudEnvironment production -hubSessionId a61f2d40-bef8-11eb-ba09-c139d29c935b -accessToken 1dg1n-oqRQiem4TEVjCLnimVr9iuCCkexSIrn6hIIhk00af","communication_protocol_version":"1.5.0","com.unity.ml-agents_version":"2.0.0-exp.1","scene_name":"Training_2.0","end_time_seconds":"1622644245"}}