{"count":1,"self":10169.240780799999,"total":21330.4031548,"children":{"InitializeActuators":{"count":8,"self":0.0019521,"total":0.0019521,"children":null},"InitializeSensors":{"count":8,"self":0.0032453,"total":0.0032453,"children":null},"AgentSendState":{"count":2630001,"self":17.1861888,"total":109.9002919,"children":{"CollectObservations":{"count":4208008,"self":21.2269552,"total":21.2269558,"children":null},"WriteActionMask":{"count":4208008,"self":1.9234516,"total":1.9234514999999999,"children":null},"RequestDecision":{"count":4208008,"self":9.4942992,"total":69.5636956,"children":{"AgentInfo.ToProto":{"count":4208008,"self":10.6484392,"total":60.0693961,"children":{"GenerateSensorData":{"count":4208008,"self":49.4209568,"total":49.4209572,"children":null}}}}}}},"DecideAction":{"count":2630001,"self":10977.1374592,"total":10977.1372727,"children":null},"AgentAct":{"count":2630001,"self":74.0562752,"total":74.1182091,"children":{"AgentInfo.ToProto":{"count":4208,"self":0.013932199999999999,"total":0.061933699999999994,"children":{"GenerateSensorData":{"count":4208,"self":0.048001499999999996,"total":0.048001499999999996,"children":null}}}}}},"gauges":{"seeker.CumulativeReward":{"count":4208,"max":9424.984,"min":6555.55664,"runningAverage":8219.789,"value":7919.023,"weightedAverage":8319.313}},"metadata":{"timer_format_version":"0.1.0","start_time_seconds":"1622700870","unity_version":"2020.3.7f1","command_line_arguments":"C:\\Program Files\\Unity\\Hub\\Editor\\2020.3.7f1\\Editor\\Unity.exe -projectpath C:\/Users\/robel\/Documents\/Unity\/Gasha -useHub -hubIPC -cloudEnvironment production -hubSessionId a61f2d40-bef8-11eb-ba09-c139d29c935b -accessToken 1dg1n-oqRQiem4TEVjCLnimVr9iuCCkexSIrn6hIIhk00af","communication_protocol_version":"1.5.0","com.unity.ml-agents_version":"2.0.0-exp.1","scene_name":"Training_2.0","end_time_seconds":"1622722201"}}