{"count":1,"self":4724.5422591999995,"total":32096.9732477,"children":{"InitializeActuators":{"count":8,"self":0.0019935,"total":0.0019935,"children":null},"InitializeSensors":{"count":8,"self":0.00099739999999999985,"total":0.00099739999999999985,"children":null},"AgentSendState":{"count":6255051,"self":40.701020799999995,"total":263.5516351,"children":{"CollectObservations":{"count":10008392,"self":52.501872,"total":52.501872,"children":null},"WriteActionMask":{"count":10008392,"self":5.2605856,"total":5.2605854999999995,"children":null},"RequestDecision":{"count":10008392,"self":23.2211584,"total":165.0881561,"children":{"AgentInfo.ToProto":{"count":10008392,"self":25.1247424,"total":141.86699729999998,"children":{"GenerateSensorData":{"count":10008392,"self":116.74225919999999,"total":116.7422544,"children":null}}}}}}},"DecideAction":{"count":6255051,"self":26933.2463616,"total":26933.2458415,"children":null},"AgentAct":{"count":6255051,"self":175.4764928,"total":175.6294517,"children":{"AgentInfo.ToProto":{"count":10008,"self":0.0180015,"total":0.15296369999999998,"children":{"GenerateSensorData":{"count":10008,"self":0.1349622,"total":0.1349622,"children":null}}}}}},"gauges":{"tracker.CumulativeReward":{"count":10008,"max":6840.54346,"min":-3477.33521,"runningAverage":4400.42773,"value":6540.051,"weightedAverage":6210.10156}},"metadata":{"timer_format_version":"0.1.0","start_time_seconds":"1622415709","unity_version":"2020.3.7f1","command_line_arguments":"C:\\Program Files\\Unity\\Hub\\Editor\\2020.3.7f1\\Editor\\Unity.exe -projectpath C:\/Users\/robel\/Documents\/Unity\/Gasha -useHub -hubIPC -cloudEnvironment production -hubSessionId a61f2d40-bef8-11eb-ba09-c139d29c935b -accessToken 1dg1n-oqRQiem4TEVjCLnimVr9iuCCkexSIrn6hIIhk00af","communication_protocol_version":"1.5.0","com.unity.ml-agents_version":"2.0.0-exp.1","scene_name":"Training_1.0","end_time_seconds":"1622447806"}}